,,,,,,,
,Content Marketing Traffic Estimator,,,,,,
,,,,,,,
,,,,,,,
,Your Business Goals,,,,,,
,,,,,,,
,,"70,000.00",,Yearly Revenue Goal,,,
,,,,,,,
,,20,,Yearly Number of Bookings Goal,,,
,,,,,,,
,,4800,,Goal for average booked package price,,,
,,,,,,,
,,"96,000.00",,Revenue Estimate per year,,,
,,,,,,,
,Traffic estimator,,,,,,
,,,,,,,
,,1.67,,Average Bookings needed per month to reach booking goal,,,
,,,,,,,
,,20%,,Your inquiry to booking rate,,,
,,,,"Note: This tool will assume a 20% booking rate unless you change it as 20% is generally a average estimate for organic traffic inquiries (that you book 1 out of 5 inquires you get). However, please note that this assumption will dramatically effect your end results, and if in reality, you book less than 1 out of 5 inquires you recieve, you may not see the return on traffic that this tool says you will.  ",,,
,,,,,,,
,,8,,Inquires needed per month to reach yearly booking goal,,,
,,,,,,,
,,1%,,Website conversion rate (calculate this as the number of users divided by number of inquiries in a month),,,
,,,,"Note: This tool will assume a 1% converison rate as 1% is generally a conservative estimate (that one out of 100 website visitors will inquire with you.  This is a very rough estimate, a normal range is between 0.5% and 2%, If your number is lower than .5% there are probably conversion issues with your website",,,
,,,,,,,
,,833,,Website visitors needed per month to reach your monthly inquiry goal,,,
,,,,,,,
,,50,,"Organic users per month from one quality, SEO-optimized blog post",,,
,,,,"Note: This tool will assume a 50 users per month as a average estimate.  This is a very rough estimate, and you should adjust to your own user data.",,,
,,,,,,,
,,20,,"Number of quality, SEO-optimized blog posts on your website",,,
,,,,,,,
,,1000,,Organic unique user clicks per month from SEO,,,
,,,,,,,
,,167,,Compare to traffic goal per month,,,
,,,,,,,
,,,,,,,Copyright © Adventure Instead Academy 2026
,,,,,,,
,"""TERMS OF USE 

By using this calculator, you accept you assume all risk for any and all results, including financial losses or gains that you may experience. We do not warrant the performance, effectiveness or applicability of this estimator.  Where specific figures from industry averages are used, there is no assurance you’ll do as well. If you rely upon our figures; you must accept the risk of not doing as well and of having financial losses.  There can be no assurance that any prior successes, or past results, as to income earnings, can be used as an indication of your future success or results.  Monetary and income results are based on many factors. We have no way of knowing how well your marketing will perform, as we do not know you, your background, your work ethic, or your business skills or practices.  We disclaim any warranties (express or implied), merchantability, or fitness for any particular purpose whatsoever. We shall in no event be held liable to any party for any direct, indirect, punitive, special, incidental or other consequential damages arising directly or indirectly from any use of this estimator, which is provided “as is”, and without warranties.                                ",,,,,,