Top pages,Clicks,Impressions,CTR,Position
https://www.hadiphotographylondon.com/,58,7921,0.73%,20.12
https://www.hadiphotographylondon.com/best-places-to-elope-in-london-2026-guide/,2,288,0.69%,25.24
https://www.hadiphotographylondon.com/about,2,79,2.53%,4.66
https://www.hadiphotographylondon.com/gallery,1,46,2.17%,30.35
https://www.hadiphotographylondon.com/contact,1,20,5%,4.3
https://www.hadiphotographylondon.com/blog/,1,20,5%,6.55
https://www.hadiphotographylondon.com/london-engagement-photographer,0,1734,0%,59.03
https://www.hadiphotographylondon.com/portrait-photographer-london,0,400,0%,44.11
https://www.hadiphotographylondon.com/best-engagement-photo-locations-london/,0,324,0%,38.11
https://www.hadiphotographylondon.com/london-elopement-packages,0,102,0%,59.73
https://www.hadiphotographylondon.com/london-elopement-photographer,0,91,0%,63.45
https://www.hadiphotographylondon.com/blog/pre-wedding-photoshoot-london/,0,65,0%,64.71
https://www.hadiphotographylondon.com/how-to-plan-a-surprise-proposal-london,0,56,0%,40.25
https://www.hadiphotographylondon.com/surprise-proposal-photoshoot-in-pergola-gardens-london-sagar-tanya/,0,49,0%,56
https://www.hadiphotographylondon.com/how-to-use-lightroom-presets-in-adobe-photoshop/,0,33,0%,47
https://www.hadiphotographylondon.com/editorial-street-fashion-photography-london/,0,18,0%,14.5
https://www.hadiphotographylondon.com/blog/how-to-use-lightroom-presets-in-adobe-photoshop/,0,9,0%,40.78
https://www.hadiphotographylondon.com/elopement-wedding-packages,0,8,0%,1.62
https://www.hadiphotographylondon.com/elopement-photography-london,0,8,0%,1.88
https://www.hadiphotographylondon.com/blog,0,7,0%,2
https://www.hadiphotographylondon.com/lightroom-presets/,0,7,0%,6.43
https://www.hadiphotographylondon.com/shop/happy-anniversary/,0,6,0%,8
https://www.hadiphotographylondon.com/blog/london-elopement-photographer-the-complete-guide-to-eloping-in-london-2026/,0,5,0%,17
https://www.hadiphotographylondon.com/how-to-plan-a-surprise-proposal-in-london-a-complete-guide-2026/,0,4,0%,6.5
https://www.hadiphotographylondon.com/blog/editorial-street-fashion-photography-london/,0,4,0%,20.75
https://www.hadiphotographylondon.com/wp-content/uploads/2021/09/Editprial-fashion-photographer-london-hadi-yazdani-6053.jpg,0,4,0%,21
https://www.hadiphotographylondon.com/london-couples-photography-everything-you-need-to-know-before-booking-a-shoot-2026-guide/,0,3,0%,7.67
https://www.hadiphotographylondon.com/shop/ultimate-professional-lightroom-presets-bundle-all-shop/,0,3,0%,7.67
https://www.hadiphotographylondon.com/london-wedding-photographer-how-to-choose-the-right-one-for-your-day-2026-guide/,0,3,0%,15
https://www.hadiphotographylondon.com/wp-content/uploads/2021/08/London-couple-photo-shoots-Hadi-Yazdani-photographer-st-pauls-cathedral-1024x683.jpg,0,3,0%,26.33
https://www.hadiphotographylondon.com/london-couple-engagement-photoshoot-anne/,0,2,0%,8
https://www.hadiphotographylondon.com/wp-content/uploads/2021/08/cute-couple-photos-London-engagement-photographer-hadi-yazdani-vintage-autumn-683x1024.jpg,0,2,0%,28.5
https://www.hadiphotographylondon.com/london-elopement-photographer-the-complete-guide-to-eloping-in-london-2026/,0,2,0%,62
https://www.hadiphotographylondon.com/#/,0,1,0%,1
https://www.hadiphotographylondon.com/wp-content/uploads/2021/08/Pre-wedding-photo-shoots-Hadi-Yazdani-London-photographer-st-pauls-church-vintage-gallery.jpg,0,1,0%,33
https://www.hadiphotographylondon.com/wp-content/uploads/2021/06/romantic-engagement-photoshoot-in-london-iconic-location-1-1024x683.jpg,0,1,0%,43
https://www.hadiphotographylondon.com/surprise-proposal-photographer-london,0,1,0%,66