Top queries,Clicks,Impressions,CTR,Position
hadi photography,5,33,15.15%,4.58
affordable wedding photographer london,2,11,18.18%,3.91
wedding photography london,1,405,0.25%,29.83
wedding photography in london,1,84,1.19%,23.4
couple photoshoot london,1,79,1.27%,6.86
london wedding photography,1,77,1.3%,41.61
engagement photographer london,1,66,1.52%,10.64
wedding photographer in london,1,64,1.56%,40.17
photographer london,1,56,1.79%,9.88
wedding photographers in london,1,44,2.27%,38.41
couples photographer london,1,35,2.86%,10.6
london wedding photographers,1,34,2.94%,25.32
pre wedding photoshoot london,1,32,3.12%,4.53
best wedding photographers london,1,23,4.35%,2.96
photography in london,1,15,6.67%,5.27
london engagement photographers,1,7,14.29%,8.71
photographers in england,1,6,16.67%,7
photo shoot,1,5,20%,2.8
photographer in london uk,1,2,50%,1
editorial wedding photographer london,1,2,50%,4
architectural photographers london,1,1,100%,1
find wedding photographer,1,1,100%,2
photograph london,1,1,100%,2
photography business in london,1,1,100%,21
commercial photographer london,1,1,100%,41
wedding photographer england,1,1,100%,81
wedding photographer london,0,347,0%,39.49
london wedding photographer,0,212,0%,49.27
portrait photography london,0,128,0%,46.9
wedding photography packages london,0,121,0%,4.91
couples photography,0,115,0%,61.24
photo shoots for couples,0,107,0%,63.96
london elopement photographer,0,104,0%,10.73
engagement photography,0,98,0%,37.63
london engagement photographer,0,92,0%,29.37
pre wedding photography london,0,84,0%,4.95
elopement photographer london,0,84,0%,16.82
wedding photographers london,0,83,0%,43.88
engagement photoshoot,0,80,0%,60.91
london engagement photography,0,74,0%,17.47
london couple photoshoot,0,72,0%,8.64
couples photoshoot,0,71,0%,68.14
wedding photography,0,62,0%,12.19
couple photographer,0,62,0%,46.32
wedding photographer,0,59,0%,1.22
last minute wedding photographer,0,56,0%,58.48
elopement photographer,0,54,0%,60.85
couple photography london,0,53,0%,3.51
pre wedding photographer london,0,52,0%,2.69
engagement photography london,0,50,0%,15.76
london couples photographer,0,48,0%,11.71
bespoke wedding photography,0,48,0%,76.1
london elopement,0,47,0%,31.83
engagement photographers london,0,45,0%,9.09
pre wedding photography,0,45,0%,27.33
wedding photography packages in london,0,45,0%,30.71
london photographer,0,44,0%,5.82
couples photo shoots in london,0,42,0%,9.86
couple photo ideas,0,41,0%,11.49
couples photographer,0,41,0%,21.29
creative wedding photographer london,0,40,0%,3.33
who are the best couple photographers in london,0,40,0%,3.88
portrait photographers london,0,39,0%,69
london portrait photographer,0,38,0%,66.29
wedding photographer west london,0,37,0%,7.97
photography for weddings near me,0,37,0%,29.32
pre wedding photoshoot,0,36,0%,22.67
elopement photography,0,36,0%,58.89
couple photography,0,35,0%,5.06
couple photographer london,0,35,0%,8.46
photography packages,0,34,0%,2.5
elopement packages in london,0,33,0%,35.7
photographers near me for wedding,0,33,0%,35.97
elopement photography london,0,32,0%,11
london engagement photoshoot,0,32,0%,61.34
portrait photographers in london,0,31,0%,71.74
best wedding photographers in london,0,30,0%,4.2
london portrait photography,0,30,0%,40.5
wedding photos london,0,30,0%,63.37
engagement photoshoot london,0,29,0%,21.66
engagement photos london,0,29,0%,53.93
london pre wedding photography,0,28,0%,11.93
hire photographer for wedding,0,28,0%,48.54
pre wedding photographers,0,27,0%,4.74
london engagement photos,0,27,0%,61.44
engagement couple photography,0,26,0%,15.19
elopement photo & video team,0,26,0%,87.88
pre wedding shoot london,0,25,0%,6.12
marriage photography,0,25,0%,30.88
photo weddings,0,25,0%,64.52
elopement fotograf,0,25,0%,70.4
cute couple pic,0,24,0%,2.25
photographers in london,0,24,0%,3.92
fashion portrait photography,0,24,0%,7.79
wedding photography outdoor,0,24,0%,59.12
london engagement shoot,0,24,0%,64.67
couple engagement photoshoot,0,23,0%,17.87
wedding photographer london uk,0,23,0%,21.57
couples photoshoot near me,0,23,0%,45.22
professional photographer,0,22,0%,1.09
best places to elope 2026,0,22,0%,10.18
hampstead pergola proposal,0,22,0%,26.18
london proposal photographer,0,22,0%,43.05
outdoor wedding photographer,0,22,0%,57.5
photographer,0,21,0%,2.52
london photoshoot couple,0,21,0%,8.62
engagement shoot,0,21,0%,91.33
alternative wedding photographer london,0,20,0%,6.55
wedding photography near me,0,20,0%,9.05
alternative wedding photography london,0,20,0%,75.85
wedding photo london,0,19,0%,13.32
wedding anniversary photographer,0,19,0%,29.89
best place to elope in uk,0,19,0%,52.37
engagement photographers near me,0,19,0%,64.16
proposal photographer near me,0,19,0%,64.84
stylish london wedding photography,0,19,0%,71.74
london pre wedding photographer,0,18,0%,6.94
pre wedding photo package in london,0,18,0%,11.39
proposal photographer london,0,18,0%,33.72
wedding photography london uk,0,18,0%,35.89
wedding photography west london,0,18,0%,40.56
professional couple photoshoot london,0,17,0%,4.82
london wedding photo,0,17,0%,9.71
london engagement party photographer,0,17,0%,18.65
photoshoot engagement,0,17,0%,56.47
engagement shoot near me,0,17,0%,76.41
photoshoot for couples london,0,16,0%,2.88
wedding photographers west london,0,16,0%,5.25
wedding photographers london uk,0,16,0%,9.19
photographers for wedding,0,16,0%,32.94
engagement photographer,0,16,0%,34.94
engagement photo session,0,16,0%,56.25
ceremony photography,0,16,0%,65.12
professional wedding photographer,0,15,0%,1.6
couples photoshoot london,0,15,0%,9.87
wedding photography packages,0,15,0%,16.07
fashion and portrait photography,0,15,0%,19.6
portrait photography fashion,0,15,0%,22.87
photography,0,14,0%,1.71
cheap wedding photography london,0,14,0%,3.5
london wedding photos,0,14,0%,6.14
short wedding photography london,0,14,0%,9.64
elopement photography and videography,0,14,0%,93.57
alternative wedding photographer,0,13,0%,1
wedding photographers in london uk,0,13,0%,1
professional photographer london,0,13,0%,6.31
photography wedding london,0,13,0%,36.85
outdoor wedding photoshoot,0,13,0%,60
intimate wedding photographer,0,13,0%,82.38
wedding photographers,0,12,0%,1.08
photography london,0,12,0%,9.08
couple photos ideas,0,12,0%,10.67
professional photographer for couples,0,12,0%,11.42
pre wedding shoot,0,12,0%,14.08
best places to elope,0,12,0%,22.5
iconic london engagement shoot,0,12,0%,32.58
elopement wedding photographer,0,12,0%,38.25
creative wedding photographer,0,11,0%,1
last minute photographer london,0,11,0%,1
local photographers for weddings,0,11,0%,1
best wedding photography,0,11,0%,2.18
find photographer london,0,11,0%,4.91
west london wedding photographer,0,11,0%,5.73
couples photos ideas,0,11,0%,9.45
"best destination wedding photographers in london for high-end international 
couples",0,11,0%,10.27
london wedding photoshoot,0,11,0%,10.64
editorial wedding photography london,0,11,0%,11.73
creative engagement photographer,0,11,0%,11.82
wedding photographers near me,0,11,0%,21.82
london proposal photography,0,11,0%,47
wedding photographer east london,0,11,0%,64.09
wedding photography outside,0,11,0%,70.64
wedding photography east london,0,11,0%,71
couple's photographer,0,10,0%,1
wedding photography in london uk,0,10,0%,2.4
best wedding photographer london,0,10,0%,2.6
fashion wedding photographer london,0,10,0%,5.6
fun wedding photographer london,0,10,0%,8.3
wedding photography services,0,10,0%,14.6
wedding photoshoot package,0,10,0%,16.3
professional couple photography,0,10,0%,34.2
engagement photos,0,10,0%,54.7
outdoor wedding photography,0,10,0%,64.9
wedding photographer ilford,0,10,0%,95
vintage photoshoot locations,0,9,0%,3.78
custom photography packages,0,9,0%,3.89
hadi londra,0,9,0%,7.11
wedding photos in london,0,9,0%,7.56
couples photo shoots london,0,9,0%,10.56
wedding photographer near me,0,9,0%,19.78
companion photography,0,9,0%,43.33
engagement photo shoot london prices,0,9,0%,55.44
pre-wedding photoshoot,0,9,0%,74.78
pre-wedding photography,0,9,0%,88.33
photographer for weddings,0,8,0%,1
wedding photo packages,0,8,0%,2
wedding day photography,0,8,0%,7.25
nikkah photographer london,0,8,0%,8.5
walima wedding photographer london,0,8,0%,8.5
wedding photoshoot locations london,0,8,0%,12.38
couples photography london,0,8,0%,15.38
wedding+photography+london,0,8,0%,16.88
elopement wedding photography london,0,8,0%,19
elope in london,0,8,0%,19.62
pre wedding shoot photographer,0,8,0%,32.62
couple photographers,0,8,0%,40.75
photo me near me,0,8,0%,41
places to elope,0,8,0%,47.12
creative wedding photography london,0,8,0%,75
hadi,0,7,0%,1
local photographer,0,7,0%,1.14
photographers near me,0,7,0%,1.14
photographer in london,0,7,0%,2.71
pre wedding shoot in london,0,7,0%,4.43
pre-wedding shoots,0,7,0%,6.14
london photographers,0,7,0%,6.29
london wedding photo locations,0,7,0%,11.86
the best wedding photographer in london,0,7,0%,15.43
photoshoot in london for couple,0,7,0%,20.29
london photographer wedding,0,7,0%,32.71
london photography wedding,0,7,0%,59
best london wedding photographers,0,6,0%,6
london photoshoot,0,6,0%,7.33
best wedding photographers near me,0,6,0%,11.17
islamic wedding photographer london,0,6,0%,11.5
couples picture ideas,0,6,0%,13.17
eloping in london,0,6,0%,15.33
photographers+for+engagement,0,6,0%,29.67
fashion portrait photographer,0,6,0%,30.83
photoshoots for couples,0,6,0%,54.67
elopement+photography+packages,0,6,0%,80.83
holland park couples shoot,0,6,0%,86.33
holland park engagement photography,0,6,0%,88.83
documentary wedding photographer london,0,5,0%,1
photographer for hire,0,5,0%,1
wedding photos,0,5,0%,1.4
engagement photo shoots,0,5,0%,4.6
micro wedding photographer london,0,5,0%,7.4
couples photoshoot in london,0,5,0%,7.6
pre wedding shoots,0,5,0%,10
couple photo idea,0,5,0%,10.2
creative london wedding photographer,0,5,0%,10.4
"most popular destination wedding photographers for fashion-forward 
editorial portraits",0,5,0%,12.8
wedding photographer london price,0,5,0%,13.2
couple pic ideas,0,5,0%,13.8
london couple photography,0,5,0%,19.4
photographer wedding london,0,5,0%,20.2
where to elope,0,5,0%,42.4
couple photoshoots,0,5,0%,47.8
couple photoshoot,0,5,0%,59
elopement spots,0,5,0%,64.4
uk elopement photographer,0,5,0%,72
wedding photography north london,0,5,0%,77.8
all inclusive elopement packages in london,0,5,0%,80.6
relaxed engagement shoot,0,5,0%,83.4
engagement+photographers,0,5,0%,93.4
best engagement photographer,0,4,0%,1
wedding engagement photography,0,4,0%,1
wedding photoshoot,0,4,0%,1.5
best wedding photographer in london,0,4,0%,2
indian wedding photographers london,0,4,0%,2
best wedding photographers,0,4,0%,2.25
photoshoot,0,4,0%,3
photographer near me,0,4,0%,3.5
photographers,0,4,0%,4
photography for wedding,0,4,0%,5.25
luxury wedding photographer london,0,4,0%,6.5
luxury wedding photography london,0,4,0%,7.25
elopement wedding photography packages,0,4,0%,10
elope locations,0,4,0%,10.75
pre wedding photoshoot packages,0,4,0%,12
creative wedding photography packages,0,4,0%,12.25
honeymoon photographer,0,4,0%,12.5
good places to elope,0,4,0%,17.75
aerial photography,0,4,0%,21.5
photographer for wedding,0,4,0%,23.25
wedding+photoshoot+package,0,4,0%,25
where to elope to,0,4,0%,28
photographer wedding near me,0,4,0%,31.25
engagement photoshoots,0,4,0%,43.5
husband and wife photographers,0,4,0%,45.5
wedding photography packages near me,0,4,0%,48.5
how to use presets in photoshop,0,4,0%,50
photographer london wedding,0,4,0%,50.5
how to add a preset to photoshop,0,4,0%,52
husband and wife wedding photographers,0,4,0%,56.25
photo packages,0,4,0%,60.75
engagement+photographers+near+me,0,4,0%,61.75
engagement photo shoot near me,0,4,0%,62.5
outdoor photography wedding,0,4,0%,63
engagement+photo+session,0,4,0%,64.5
london photographers wedding,0,4,0%,65.5
muslim photographer london,0,4,0%,87.75
london professional photographer,0,3,0%,1
professional photography,0,3,0%,1
wedding photojournalism,0,3,0%,1
affordable wedding photographer in london,0,3,0%,1.67
professional wedding photographer london,0,3,0%,2
local photographers,0,3,0%,2.33
marriage+photography+package,0,3,0%,3.33
engagement shoots london,0,3,0%,3.67
editorial street photography,0,3,0%,4
engagement photoshoot near me,0,3,0%,4
marriage photography package,0,3,0%,4
photography services london,0,3,0%,5
elopement photography packages,0,3,0%,5.33
cheap wedding photographers london,0,3,0%,6
best photography locations london,0,3,0%,9
pre wedding photoshoot london price,0,3,0%,9
london based photographers,0,3,0%,9.33
photography wedding,0,3,0%,10.67
candid wedding photography near me,0,3,0%,11
best elope locations,0,3,0%,12
elopement photographer london packages,0,3,0%,12
portrait fashion photography,0,3,0%,12
elopement wedding photography,0,3,0%,12.67
wedding photo posing,0,3,0%,12.67
photographers london,0,3,0%,13.33
marriage photographers,0,3,0%,17
walima photographer london,0,3,0%,17
fashion photographer london,0,3,0%,19
elopement photographer london prices,0,3,0%,20.33
fashion photography in london,0,3,0%,20.67
fashion portrait photographer london,0,3,0%,28
engagement photo shoot,0,3,0%,28.67
elopement venues,0,3,0%,29.67
wedding and photographer,0,3,0%,30
maternity photoshoot london,0,3,0%,30.67
photographer engagement,0,3,0%,32.33
elope london,0,3,0%,36.33
engagement photos near me,0,3,0%,42.33
can you use lightroom presets in photoshop,0,3,0%,45.67
product photography london,0,3,0%,47.67
elopement photographer uk,0,3,0%,50
elopement london,0,3,0%,54.67
how to add presets to photoshop,0,3,0%,54.67
wedding photographers in east london,0,3,0%,56.33
wedding outdoor photography,0,3,0%,64
wedding+photographer+london,0,3,0%,67
couples photoshoots,0,3,0%,67.67
photography package,0,3,0%,67.67
elopement+photographer,0,3,0%,71.67
elopement+wedding+photographer,0,3,0%,72
edgy wedding photographer,0,3,0%,74.67
photo+session+engagement,0,3,0%,75.67
couples photo shoot,0,3,0%,86
elopement+photographers,0,3,0%,86
hampstead pergola wedding photography,0,3,0%,88
engagement shoot at holland park,0,3,0%,88.67
affordable+engagement+photographers+near+me,0,3,0%,89.33
nikkah wedding photographer london,0,3,0%,95
affordable wedding photographer,0,2,0%,1
asian wedding photographer in london,0,2,0%,1
best engagement photographers,0,2,0%,1
candid wedding photography,0,2,0%,1
engagement and wedding photography packages,0,2,0%,1
engagement photo sessions,0,2,0%,1
fashion portraits photography,0,2,0%,1
fotografo londres,0,2,0%,1
photo shoots,0,2,0%,1
photographer for engagement,0,2,0%,1
professional photographers,0,2,0%,1
professional wedding photography,0,2,0%,1
where to elope to get married,0,2,0%,1
custom wedding photography,0,2,0%,1.5
indian wedding photographer london,0,2,0%,1.5
london+wedding+photography,0,2,0%,1.5
best photographer in london,0,2,0%,2
engagement wedding photography,0,2,0%,2
wedding photographer in west london,0,2,0%,2
wedding shoot,0,2,0%,2
bridal photoshoot,0,2,0%,2.5
hady,0,2,0%,2.5
affordable wedding photography london,0,2,0%,3
courthouse wedding photographer london,0,2,0%,3
london elopement wedding,0,2,0%,3
analogue wedding photographer,0,2,0%,3.5
trusted wedding photographer london,0,2,0%,5.5
destination wedding photography,0,2,0%,6
small wedding photography packages,0,2,0%,6
wedding photography portfolio,0,2,0%,6
london photographer couples,0,2,0%,6.5
"top luxury destination wedding photographers for a sophisticated london 
couple",0,2,0%,6.5
engagement photography packages,0,2,0%,7
hadi photographer,0,2,0%,8
cheap wedding photographer london,0,2,0%,8.5
london pre wedding shoot,0,2,0%,9
best elopements,0,2,0%,10.5
photo ideas for couples,0,2,0%,10.5
photoshoot london,0,2,0%,10.5
top places to elope,0,2,0%,10.5
best photographers london,0,2,0%,11
wedding photographer couple shoot,0,2,0%,11
work photographer london,0,2,0%,11
elopement wedding photographer london,0,2,0%,11.5
aerial photography london,0,2,0%,12
nice places to elope,0,2,0%,12
wedding photographer in london prices,0,2,0%,12
"can you help me find a photographer who specializes in candid engagement 
portraits?",0,2,0%,12.5
couple pictures ideas,0,2,0%,12.5
engagement photo packages,0,2,0%,12.5
fashion photographers london,0,2,0%,12.5
marriage wedding photography packages,0,2,0%,12.5
pre wedding photoshoot package,0,2,0%,12.5
wedding photo shooting,0,2,0%,12.5
who are the most stylish wedding photographers in london,0,2,0%,12.5
london couples erotic photographer,0,2,0%,15
cute couple photo ideas,0,2,0%,15.5
wedding photo services,0,2,0%,15.5
weddings photographer,0,2,0%,15.5
london photography,0,2,0%,16
wedding photo near me,0,2,0%,18.5
jewish wedding photographer london,0,2,0%,21
local wedding photographers,0,2,0%,24.5
wedding photographers in,0,2,0%,25
engagement photo shoot locations near me,0,2,0%,25.5
bridal photo shooting,0,2,0%,26.5
special occasion photography,0,2,0%,28
photography near me wedding,0,2,0%,28.5
engagement photo shoot london,0,2,0%,30.5
wedding photo in london,0,2,0%,31
photography services for wedding,0,2,0%,32
wedding photos near me,0,2,0%,34.5
professional photoshoot for couples,0,2,0%,37.5
professional wedding photography near me,0,2,0%,39.5
couples photography near me,0,2,0%,41
elopement locations,0,2,0%,41
maternity photographer london,0,2,0%,41
elopement photography pricing,0,2,0%,41.5
engagement shoots,0,2,0%,42
private photographer london,0,2,0%,43
couples shoot at london southbank,0,2,0%,44
portrait photographer london,0,2,0%,44.5
falls church city inurl:blog,0,2,0%,45.5
elopement wedding venues,0,2,0%,46
couples photoshoot experience,0,2,0%,46.5
engagement photo session prices,0,2,0%,48
female wedding photographer london,0,2,0%,49.5
elopement photographers,0,2,0%,51.5
how to add photoshop presets,0,2,0%,52
wedding photographer in east london,0,2,0%,55
engagement pictures prices,0,2,0%,58
proposal planner greater london,0,2,0%,61
best engagement photography,0,2,0%,67
engagement shoot photos,0,2,0%,69
engagement+photo+prices,0,2,0%,70
destination engagement photography,0,2,0%,86
wedding engagement photographer,0,2,0%,91.5
south west engagement photoshoot,0,2,0%,95
aesthetic wedding photographer,0,1,0%,1
affordable wedding photography,0,1,0%,1
affordable wedding photography near me,0,1,0%,1
alternative wedding photography,0,1,0%,1
best elopement places,0,1,0%,1
best photographer in uk,0,1,0%,1
bridal portraits,0,1,0%,1
candid wedding photographer,0,1,0%,1
chelsea town hall wedding photographer,0,1,0%,1
couple photoshoot photographer,0,1,0%,1
destination wedding videography,0,1,0%,1
family photographer london,0,1,0%,1
famous fashion photographers,0,1,0%,1
female wedding photographer,0,1,0%,1
find photographers,0,1,0%,1
fulham wedding photographer,0,1,0%,1
hadi yazdani,0,1,0%,1
hair photographer london,0,1,0%,1
headshots london,0,1,0%,1
hire a photographer,0,1,0%,1
how to choose a wedding photographer,0,1,0%,1
husband and wife photographers near me,0,1,0%,1
indian wedding photographer,0,1,0%,1
indian wedding photography london,0,1,0%,1
london couple photos,0,1,0%,1
london personal branding photography,0,1,0%,1
london photographer for hire,0,1,0%,1
london pr photographer,0,1,0%,1
muslim wedding photographer,0,1,0%,1
muslim wedding photography london,0,1,0%,1
photographer couple,0,1,0%,1
photographer for couples,0,1,0%,1
photographer for weddings near me,0,1,0%,1
photographer in wedding,0,1,0%,1
photographer wedding,0,1,0%,1
photographers engagement,0,1,0%,1
photography bookings,0,1,0%,1
photography consultation,0,1,0%,1
photography highlights,0,1,0%,1
photography investment,0,1,0%,1
photography sessions,0,1,0%,1
photograpy,0,1,0%,1
pre marriage photography,0,1,0%,1
professional photo shoots,0,1,0%,1
professional photoshoot london,0,1,0%,1
reception photography,0,1,0%,1
relaxed wedding photography,0,1,0%,1
romance photography,0,1,0%,1
sikh wedding photography london,0,1,0%,1
top wedding photographers,0,1,0%,1
wed photo,0,1,0%,1
wedding ceremony photography,0,1,0%,1
wedding photo package,0,1,0%,1
wedding photographer uk,0,1,0%,1
wedding photographer united kingdom,0,1,0%,1
wedding photographers near me affordable,0,1,0%,1
wedding photography and videography london,0,1,0%,1
wedding photography booking,0,1,0%,1
wedding photography experience,0,1,0%,1
wedding portraits,0,1,0%,1
west london photographer,0,1,0%,1
best wedding photographer uk,0,1,0%,2
cheap wedding photography packages,0,1,0%,2
colorful wedding photographer,0,1,0%,2
elopement photography services,0,1,0%,2
film photography london,0,1,0%,2
photo studio near me,0,1,0%,2
photogaphers,0,1,0%,2
photogragher,0,1,0%,2
photograph wedding,0,1,0%,2
photographer for hire london,0,1,0%,2
photographer for proposal,0,1,0%,2
photographer in west london,0,1,0%,2
photography for engagement,0,1,0%,2
photography pre wedding,0,1,0%,2
photogrphy,0,1,0%,2
prewedding shoot,0,1,0%,2
wedding cameraman near me,0,1,0%,2
wedding packages photography,0,1,0%,2
wedding photo shoot,0,1,0%,2
wedding photograpgy,0,1,0%,2
wedding photographer london reviews,0,1,0%,2
wedding photographer studio,0,1,0%,2
wedding photogrpaher london,0,1,0%,2
wedding portrait photographer,0,1,0%,2
affordable photographer in london,0,1,0%,3
best engagement photographers london,0,1,0%,3
best rated wedding photographer london,0,1,0%,3
engagemnet photos,0,1,0%,3
high-end wedding photographers,0,1,0%,3
london photo shoot,0,1,0%,3
marriage photoshoot,0,1,0%,3
photographer packages,0,1,0%,3
photographers in my area,0,1,0%,3
private couple photography,0,1,0%,3
wedding photi,0,1,0%,3
wedding photo shoot places,0,1,0%,3
bar mitzvah photographer london,0,1,0%,4
best london wedding photographer,0,1,0%,4
hadi london,0,1,0%,4
hire engagement photographer,0,1,0%,4
wedding pictures,0,1,0%,4
asian wedding photographers west london,0,1,0%,5
best south london wedding photography packages,0,1,0%,5
elopement ideas near me,0,1,0%,5
potoshoot,0,1,0%,5
professional photography packages,0,1,0%,5
hindu wedding photographer london,0,1,0%,6
hire a wedding photographer,0,1,0%,6
outdoor shoot locations london,0,1,0%,6
wedding shoot near me,0,1,0%,6
عرب,0,1,0%,6
professional engagement photos,0,1,0%,7
beach photography,0,1,0%,8
hadi pic,0,1,0%,8
photo shoot in london,0,1,0%,8
professional proposal photographer,0,1,0%,8
tower bridge,0,1,0%,8
asian wedding photographers london,0,1,0%,9
candid wedding photography london,0,1,0%,9
photo ideas for cuples,0,1,0%,9
world wedding photography,0,1,0%,9
best wedding photoshoot,0,1,0%,10
pergola gardens photoshoot,0,1,0%,10
photoshoots in london,0,1,0%,10
romantic couples photography,0,1,0%,10
best place to elope,0,1,0%,11
best place to elope to get married,0,1,0%,11
couple photo studio,0,1,0%,11
couple wedding photoshoot,0,1,0%,11
engagement photo locations,0,1,0%,11
fashion wedding photographer,0,1,0%,11
fashion wedding photography,0,1,0%,11
film wedding photographer,0,1,0%,11
hybrid wedding photography,0,1,0%,11
intimate wedding photography,0,1,0%,11
london pre wedding photoshoot,0,1,0%,11
places to get eloped,0,1,0%,11
pre wedding couple photoshoot,0,1,0%,11
wedding couple photoshoot,0,1,0%,11
wedding photography options,0,1,0%,11
assistant photographer,0,1,0%,12
best elopement locations,0,1,0%,12
best places to do photography near me,0,1,0%,12
best pre wedding photoshoot,0,1,0%,12
elopements near me,0,1,0%,12
film wedding photographer london,0,1,0%,12
funny wedding photography,0,1,0%,12
hindu wedding photography london,0,1,0%,12
micro wedding photographer uk,0,1,0%,12
urban photography london,0,1,0%,12
wedding photographer london half day coverage,0,1,0%,12
aerial photographs,0,1,0%,13
"are there photographers that provide both engagement and wedding 
photography services?",0,1,0%,13
engagement photoshoot packages,0,1,0%,13
find a photographer london,0,1,0%,13
photographers contracts,0,1,0%,13
romantic photographer,0,1,0%,13
wedding photographer london prices,0,1,0%,13
couple.photo ideas,0,1,0%,14
elopement places,0,1,0%,14
eloping venues,0,1,0%,14
engagement shoot packages,0,1,0%,14
fashion photography london,0,1,0%,14
london fashion photographers,0,1,0%,14
wedding photographer prices london,0,1,0%,14
couple pic idea,0,1,0%,15
fotograf london,0,1,0%,15
wedding photographer bag,0,1,0%,15
couple photography near me,0,1,0%,16
elope places,0,1,0%,16
booking wedding photographer,0,1,0%,17
london photoshoot locations,0,1,0%,17
مصوراتي بالقرب مني,0,1,0%,18
professional couple photography near me,0,1,0%,20
asian wedding photography in london,0,1,0%,21
black and white wedding photographer,0,1,0%,21
photoshoot in london,0,1,0%,21
photoshoot places london,0,1,0%,21
professional photographer near me,0,1,0%,21
wedding photographer and videographer london,0,1,0%,21
wedding photographer in uk,0,1,0%,21
wedding photography all day coverage,0,1,0%,21
glamour photographers london,0,1,0%,22
mobile wedding photographers,0,1,0%,23
romantic wedding photographers,0,1,0%,23
bridal photography near me,0,1,0%,24
elopement packages london,0,1,0%,24
great places to elope,0,1,0%,24
london photo studio,0,1,0%,24
love pictures,0,1,0%,24
wedding photo studio,0,1,0%,24
wedding photographer in,0,1,0%,24
best places to elope to,0,1,0%,25
near me wedding photography,0,1,0%,25
wedding photog,0,1,0%,25
birthday photographer london,0,1,0%,26
photographers for weddings near me,0,1,0%,26
photography for wedding near me,0,1,0%,26
photography services wedding,0,1,0%,26
photography weddings,0,1,0%,26
places for engagement pictures,0,1,0%,26
weddings photography,0,1,0%,26
where can we elope,0,1,0%,26
best locations to elope,0,1,0%,27
couple professional photoshoot,0,1,0%,28
portrait and fashion photography,0,1,0%,28
bride and groom photography,0,1,0%,29
colour portrait photography,0,1,0%,29
eloping near me,0,1,0%,29
mehndi photographer,0,1,0%,29
professional couples photo shoot,0,1,0%,29
cool places to elope,0,1,0%,30
"inurl:blog ""leave a reply"" h",0,1,0%,30
"inurl:blog ""leave a reply"" natural language processing",0,1,0%,30
local wedding photographer,0,1,0%,30
photographer in love,0,1,0%,30
fashion photography portrait,0,1,0%,31
fotoshooting london,0,1,0%,31
london couple photo,0,1,0%,32
newborn photoshoot,0,1,0%,32
photographers wedding,0,1,0%,32
can i use lightroom presets in photoshop,0,1,0%,33
engagement photo shoot locations,0,1,0%,33
photographers near me wedding,0,1,0%,33
wedding photography service,0,1,0%,33
what are some church spaces in london for events or photo shoots?,0,1,0%,33
how to import xmp presets into photoshop,0,1,0%,34
romantic wedding photography,0,1,0%,34
engagement picture locations,0,1,0%,35
professional couples photos,0,1,0%,35
couple photography prices,0,1,0%,36
photoshoot wedding,0,1,0%,36
professional photography for couples,0,1,0%,36
where can i elope,0,1,0%,36
garden wedding photographer,0,1,0%,37
photogenic places near me,0,1,0%,37
professional couples photoshoot,0,1,0%,37
shooter alert inurl:blog,0,1,0%,37
photographers for engagement,0,1,0%,38
how to install photoshop presets,0,1,0%,39
where can you elope,0,1,0%,39
best elopement spots,0,1,0%,40
proposal photographers london,0,1,0%,40
travel wedding photographer,0,1,0%,40
bridal photography,0,1,0%,41
elope venues,0,1,0%,41
fashion photographer london prices,0,1,0%,41
female photographer london,0,1,0%,41
london newborn photographer,0,1,0%,41
adventure wedding photographer,0,1,0%,42
professional couple photographer,0,1,0%,42
couple wedding photographers,0,1,0%,43
engagement photo shoot cost,0,1,0%,43
how to import presets into photoshop,0,1,0%,44
wedding elopement photographer,0,1,0%,44
wedding photography agency,0,1,0%,44
marriage photo shoots,0,1,0%,45
elopement photography uk,0,1,0%,46
how to add preset to photoshop,0,1,0%,46
engagement photo costs,0,1,0%,47
english sexy print,0,1,0%,47
photoshop lightroom effects,0,1,0%,47
shooter warning inurl:blog,0,1,0%,47
wedding photo shoots,0,1,0%,48
couple photography shoot,0,1,0%,50
editorial photography london,0,1,0%,50
engagement photographer cost,0,1,0%,50
hire portrait photographer london,0,1,0%,50
wedding photographers in near me,0,1,0%,50
locations to elope,0,1,0%,51
romantic wedding photographer,0,1,0%,51
elopement photos,0,1,0%,52
civil ceremony photographer,0,1,0%,53
wedding photographer packages,0,1,0%,54
photoshoot for couples,0,1,0%,55
ceremony photographer,0,1,0%,56
engagement photography cost,0,1,0%,56
couple session photography,0,1,0%,57
engagement shoot cost,0,1,0%,57
english bf picture,0,1,0%,57
unique elopement places,0,1,0%,58
photographer london uk,0,1,0%,59
private photoshoot,0,1,0%,59
shooting engagement photos,0,1,0%,59
photos engagement,0,1,0%,60
best photo studios in london,0,1,0%,61
engagement photoshoot prices,0,1,0%,63
photoshoot package,0,1,0%,64
photoshop lightroom presets,0,1,0%,64
elopement wedding photographer near me,0,1,0%,65
eloping locations,0,1,0%,65
engagement photography prices,0,1,0%,65
couple photography shoot price in london,0,1,0%,66
couples shoot,0,1,0%,66
elopement location,0,1,0%,66
engagement shoot prices,0,1,0%,66
london maternity photography,0,1,0%,66
elopement pictures,0,1,0%,67
engagement photoshoot price,0,1,0%,67
photo session couple,0,1,0%,67
engagement sessions,0,1,0%,68
wedding photoshoot packages,0,1,0%,68
engagement photos prices,0,1,0%,69
secret photographer,0,1,0%,71
elope photography,0,1,0%,73
photographers packages,0,1,0%,73
wedding photographer 2 hours,0,1,0%,73
london photographer portrait,0,1,0%,74
affordable wedding photographer near me,0,1,0%,75
couple photoshoot places near me,0,1,0%,75
engagement portrait session,0,1,0%,75
pre+wedding+photoshoot,0,1,0%,75
elopements photography,0,1,0%,76
engagement photograph,0,1,0%,76
photo session engagement,0,1,0%,76
how much is an engagement photo session,0,1,0%,78
képekkel,0,1,0%,79
photographer shoot,0,1,0%,79
photography portraits london,0,1,0%,79
ロンドン ウェディングフォト,0,1,0%,79
local wedding photographers near me,0,1,0%,80
photo session for couples,0,1,0%,80
photography engagement,0,1,0%,80
engagement photographs,0,1,0%,81
relaxed engagement photography,0,1,0%,81
engagement party photography,0,1,0%,82
engagement photographers,0,1,0%,83
photographer portrait,0,1,0%,84
photographer portraits,0,1,0%,84
pre+wedding+photography,0,1,0%,84
wedding elopement photography,0,1,0%,84
festival wedding photographer,0,1,0%,85
storytelling wedding photographer london,0,1,0%,86
wedding pre wedding shoot,0,1,0%,86
pre+wedding+shoot,0,1,0%,87
inclusive wedding photographer,0,1,0%,88
wedding photographer north london,0,1,0%,90
honeymoon photographers,0,1,0%,91
engagement photographer prices,0,1,0%,93
engagement shooting,0,1,0%,95
couple photoshoot prices,0,1,0%,96
photographer london portrait,0,1,0%,96
elopement photographer near me,0,1,0%,97
portrait photographer in london,0,1,0%,97
natural wedding photographer london,0,1,0%,99
photography agency london,0,1,0%,99
engagement session photographer,0,1,0%,100
events photographer london,0,1,0%,100
wedding photography package,0,1,0%,100